file,l-rmsd,i-rmsd,fnat,criteria
./swarm_50/lightdock_32.pdb,5.211050277605874,3.3807722107086655,0.9575927658247584,acceptable
./swarm_10/lightdock_36.pdb,23.210569746424316,14.44451343744662,0.9563454942313688,incorrect
./swarm_58/lightdock_171.pdb,1.7256605834126266,1.2862689721710572,0.9688182101652635,medium
./swarm_10/lightdock_1.pdb,13.460221602066442,8.857530764541584,0.9563454942313688,incorrect
./swarm_3/lightdock_2.pdb,19.06221808551759,12.559281974175706,0.9588400374181478,incorrect
./swarm_20/lightdock_157.pdb,22.424249423564074,12.425446378410735,0.9563454942313688,incorrect
./swarm_3/lightdock_157.pdb,2.0963247936873066,1.4890576664189137,0.9713127533520424,medium
./swarm_43/lightdock_30.pdb,17.744287618344277,11.861079817526216,0.9563454942313688,incorrect
./swarm_19/lightdock_153.pdb,15.086599307241574,9.386065758525623,0.9563454942313688,incorrect
./swarm_28/lightdock_70.pdb,17.922503156600897,12.121105530160468,0.9563454942313688,incorrect
./swarm_58/lightdock_10.pdb,6.340213812913043,4.61428749747074,0.9563454942313688,acceptable
./swarm_10/lightdock_142.pdb,18.429255327840846,10.18451217394756,0.9575927658247584,incorrect
./swarm_28/lightdock_60.pdb,16.89804596405719,9.822902552453069,0.9563454942313688,incorrect
./swarm_3/lightdock_183.pdb,18.797103608933025,11.038583878961592,0.9563454942313688,incorrect
./swarm_50/lightdock_161.pdb,15.921506236929005,10.11084630049109,0.9563454942313688,incorrect
./swarm_20/lightdock_167.pdb,15.839621107687167,8.183636316940143,0.9563454942313688,incorrect
./swarm_3/lightdock_100.pdb,20.558906797933776,12.986959308874928,0.9563454942313688,incorrect
./swarm_45/lightdock_186.pdb,19.054881166935797,12.608287500152667,0.9563454942313688,incorrect
./swarm_30/lightdock_32.pdb,15.001828037641845,10.149630284412497,0.9563454942313688,incorrect
./swarm_53/lightdock_121.pdb,22.248869048237598,14.88367673687083,0.9563454942313688,incorrect
./swarm_45/lightdock_79.pdb,14.87934343983736,9.534801845141056,0.9563454942313688,incorrect
./swarm_59/lightdock_38.pdb,19.336907680631622,11.647533356909548,0.9563454942313688,incorrect
./swarm_43/lightdock_18.pdb,16.05351417085768,10.157701290846328,0.9563454942313688,incorrect
./swarm_20/lightdock_16.pdb,3.3928485141095317,1.4060428833226772,0.974430932335516,medium
./swarm_28/lightdock_79.pdb,23.679361630315523,13.84559339705405,0.9563454942313688,incorrect
./swarm_3/lightdock_115.pdb,17.429479287533677,12.29833179701963,0.9563454942313688,incorrect
./swarm_50/lightdock_105.pdb,23.80451031483331,15.512610754635906,0.9563454942313688,incorrect
./swarm_17/lightdock_16.pdb,15.169844780454312,9.806767636853449,0.9563454942313688,incorrect
./swarm_27/lightdock_74.pdb,16.527785295949368,6.4078210770538275,0.9563454942313688,incorrect
./swarm_1/lightdock_192.pdb,17.582464275718337,7.256566906177222,0.9569691300280636,incorrect
./swarm_53/lightdock_192.pdb,19.205991556143218,13.044825655341075,0.9575927658247584,incorrect
./swarm_50/lightdock_73.pdb,16.188238018472187,10.776673159689334,0.9563454942313688,incorrect
./swarm_29/lightdock_18.pdb,15.682136179445353,9.828557337217108,0.9569691300280636,incorrect
./swarm_58/lightdock_61.pdb,10.239554160394958,6.907621023683215,0.9563454942313688,incorrect
./swarm_54/lightdock_2.pdb,8.307888910608357,5.130860078739339,0.9575927658247584,acceptable
./swarm_20/lightdock_36.pdb,15.783963131208814,9.114102934830042,0.9575927658247584,incorrect
./swarm_59/lightdock_3.pdb,7.559146607787006,5.567826063188816,0.9563454942313688,acceptable
./swarm_55/lightdock_173.pdb,16.563826495649305,10.162050062931009,0.9563454942313688,incorrect
./swarm_42/lightdock_26.pdb,5.864125831481482,3.941291180176723,0.9563454942313688,acceptable
./swarm_20/lightdock_158.pdb,14.108402728491901,9.523724765231046,0.9600873090115373,incorrect
./swarm_30/lightdock_93.pdb,5.065509216673721,2.233263757890909,0.9594636732148425,acceptable
./swarm_24/lightdock_83.pdb,11.139267117293194,7.652541085382928,0.9563454942313688,incorrect
./swarm_59/lightdock_67.pdb,22.13066231131693,14.951750322556004,0.9563454942313688,incorrect
./swarm_30/lightdock_95.pdb,23.525372372486412,14.319218437800332,0.9563454942313688,incorrect
./swarm_37/lightdock_50.pdb,12.367582904007064,8.840045513676543,0.9563454942313688,incorrect
./swarm_5/lightdock_140.pdb,23.15286829050442,13.645476128074872,0.9563454942313688,incorrect
./swarm_43/lightdock_151.pdb,17.60652112984789,11.94855349023129,0.9563454942313688,incorrect
./swarm_43/lightdock_43.pdb,13.999144729751531,9.456554553291447,0.9625818521983162,incorrect
./swarm_45/lightdock_59.pdb,14.72933587451239,8.270919227830156,0.9563454942313688,incorrect
./swarm_43/lightdock_75.pdb,16.075565731235265,11.450204860283119,0.958216401621453,incorrect
./swarm_28/lightdock_25.pdb,18.72892149077543,13.070551529794212,0.9563454942313688,incorrect
./swarm_58/lightdock_5.pdb,17.035235431688236,12.0222931432568,0.9563454942313688,incorrect
./swarm_50/lightdock_99.pdb,6.606800954651037,3.8060850730660034,0.9613345806049267,acceptable
./swarm_53/lightdock_85.pdb,9.591836287580362,6.254704804903383,0.960710944808232,acceptable
./swarm_18/lightdock_38.pdb,14.059680543900003,7.573897724708053,0.9563454942313688,incorrect
./swarm_19/lightdock_31.pdb,22.414895548237823,12.03589665688941,0.9563454942313688,incorrect
./swarm_25/lightdock_160.pdb,10.85480863277389,6.914303055040766,0.9588400374181478,incorrect
./swarm_32/lightdock_52.pdb,11.800885619697388,7.128514089826565,0.9563454942313688,incorrect
./swarm_49/lightdock_177.pdb,4.689479997129785,2.8037228523286464,0.9563454942313688,acceptable
./swarm_27/lightdock_12.pdb,3.731737929464376,2.221355637658333,0.9563454942313688,acceptable
./swarm_53/lightdock_15.pdb,6.514473307950576,4.702890689445303,0.9569691300280636,acceptable
./swarm_36/lightdock_40.pdb,5.014284294294304,2.5417054104483654,0.9625818521983162,acceptable
./swarm_21/lightdock_79.pdb,12.465597463690253,7.5147652783002385,0.9563454942313688,incorrect
./swarm_49/lightdock_115.pdb,11.364400750154715,6.964737130497951,0.9569691300280636,incorrect
./swarm_3/lightdock_141.pdb,18.115405738812843,11.553694405410575,0.9563454942313688,incorrect
./swarm_45/lightdock_58.pdb,5.69284763131647,3.1628380507433125,0.9625818521983162,acceptable
./swarm_50/lightdock_45.pdb,6.251455892737911,3.36353463066373,0.9569691300280636,acceptable
./swarm_17/lightdock_140.pdb,8.760508980365092,5.096081708953439,0.9575927658247584,acceptable
./swarm_21/lightdock_16.pdb,4.6189825344461966,2.743592645800444,0.9563454942313688,acceptable
./swarm_56/lightdock_187.pdb,14.70548822204327,9.228107987463483,0.9563454942313688,incorrect
./swarm_10/lightdock_42.pdb,20.548790293981018,14.38725749615129,0.9563454942313688,incorrect
./swarm_35/lightdock_174.pdb,12.289473019397622,6.437923260778625,0.9563454942313688,incorrect
./swarm_14/lightdock_119.pdb,11.483087698074616,7.586473832348048,0.9632054879950109,incorrect
./swarm_45/lightdock_52.pdb,12.346920145178956,7.67435740090598,0.9563454942313688,incorrect
./swarm_53/lightdock_187.pdb,22.641052927669865,14.626000156445945,0.958216401621453,incorrect
./swarm_3/lightdock_32.pdb,18.62679072144582,11.63224104754269,0.9563454942313688,incorrect
./swarm_1/lightdock_36.pdb,12.224026878214046,4.31774915286487,0.9563454942313688,incorrect
./swarm_19/lightdock_50.pdb,17.555815265613585,12.454757954452589,0.9563454942313688,incorrect
./swarm_59/lightdock_59.pdb,20.172323449631833,13.531913411715127,0.9575927658247584,incorrect
./swarm_9/lightdock_112.pdb,9.21886857443319,5.882658898546032,0.9563454942313688,acceptable
./swarm_10/lightdock_68.pdb,9.064986091536264,5.907020679573384,0.9575927658247584,acceptable
./swarm_20/lightdock_93.pdb,22.961232545890425,14.021346766592655,0.9563454942313688,incorrect
./swarm_19/lightdock_78.pdb,20.425244375001196,13.175602148571146,0.9563454942313688,incorrect
./swarm_28/lightdock_87.pdb,14.761421133171313,9.549722365544195,0.9563454942313688,incorrect
./swarm_50/lightdock_19.pdb,23.525611799963603,16.10969869734631,0.9563454942313688,incorrect
./swarm_37/lightdock_40.pdb,7.168145032937777,4.727816502373238,0.9563454942313688,acceptable
./swarm_57/lightdock_122.pdb,18.70360119124245,8.153679663591099,0.9563454942313688,incorrect
./swarm_41/lightdock_113.pdb,10.410630348021005,6.0184795256807,0.9613345806049267,incorrect
./swarm_43/lightdock_148.pdb,19.272290968809703,13.205194243352574,0.9563454942313688,incorrect
./swarm_4/lightdock_167.pdb,20.678950081296538,9.356931805783649,0.9569691300280636,incorrect
./swarm_49/lightdock_65.pdb,11.794091086372173,5.0680146250088125,0.9563454942313688,incorrect
./swarm_37/lightdock_119.pdb,18.471592280547014,10.747115762608034,0.9563454942313688,incorrect
./swarm_19/lightdock_84.pdb,13.21841866373107,7.799346572758771,0.9563454942313688,incorrect
./swarm_57/lightdock_192.pdb,19.39530967942632,9.04698713810419,0.9575927658247584,incorrect
./swarm_53/lightdock_88.pdb,20.91467785429148,14.235155079589042,0.9563454942313688,incorrect
./swarm_51/lightdock_52.pdb,19.61639147713328,13.60044873792445,0.9563454942313688,incorrect
./swarm_30/lightdock_155.pdb,21.856212177282046,14.669581644937692,0.9563454942313688,incorrect
./swarm_32/lightdock_54.pdb,9.100656409597542,5.709736127506006,0.9563454942313688,acceptable
./swarm_56/lightdock_83.pdb,6.193409130348933,3.0953576259203164,0.9563454942313688,acceptable
./swarm_27/lightdock_17.pdb,20.04719895969119,12.493204409345969,0.9563454942313688,incorrect
./swarm_43/lightdock_102.pdb,14.05642634028812,9.79794980020249,0.9563454942313688,incorrect
./swarm_19/lightdock_76.pdb,20.772657966596963,13.436237277028642,0.9594636732148425,incorrect
./swarm_1/lightdock_133.pdb,9.0732015892284,6.0690023553476475,0.9569691300280636,acceptable
./swarm_30/lightdock_121.pdb,17.888582737527617,12.971990885597018,0.9563454942313688,incorrect
./swarm_36/lightdock_186.pdb,19.07592587497365,13.392153902774696,0.9563454942313688,incorrect
./swarm_45/lightdock_29.pdb,11.364419715848616,8.118035968524214,0.9563454942313688,incorrect
./swarm_27/lightdock_135.pdb,19.382775211200414,11.656134150713473,0.9563454942313688,incorrect
./swarm_29/lightdock_29.pdb,19.552045612870863,12.61246382482647,0.9563454942313688,incorrect
./swarm_34/lightdock_25.pdb,10.076940069971139,6.0411178737620155,0.9632054879950109,incorrect
./swarm_43/lightdock_71.pdb,18.660623785925335,12.523326944668678,0.9563454942313688,incorrect
./swarm_42/lightdock_12.pdb,11.952329368892057,6.6249737694697375,0.9563454942313688,incorrect
./swarm_36/lightdock_176.pdb,23.432165831431956,15.196078761691536,0.9569691300280636,incorrect
./swarm_42/lightdock_34.pdb,9.028408847918888,4.192319341780558,0.9563454942313688,acceptable
./swarm_14/lightdock_42.pdb,18.90657484349602,12.143055449219169,0.9600873090115373,incorrect
./swarm_0/lightdock_27.pdb,13.097263253601833,8.08010716476808,0.9569691300280636,incorrect
./swarm_11/lightdock_98.pdb,9.517238641396716,5.47110059973751,0.9619582164016215,acceptable
./swarm_17/lightdock_109.pdb,9.80586123076134,5.809693290448801,0.9563454942313688,acceptable
./swarm_32/lightdock_112.pdb,10.995613431753855,7.392131360100245,0.9588400374181478,incorrect
./swarm_6/lightdock_44.pdb,13.430689272517997,7.7575263123480775,0.9563454942313688,incorrect
./swarm_54/lightdock_30.pdb,12.723434980235684,7.572540437678633,0.9563454942313688,incorrect
./swarm_32/lightdock_183.pdb,13.829014901304735,7.720057978003708,0.9563454942313688,incorrect
./swarm_31/lightdock_106.pdb,9.87801283803258,5.893871112138664,0.9594636732148425,acceptable
./swarm_33/lightdock_175.pdb,15.063943691935563,8.687222138374814,0.9563454942313688,incorrect
./swarm_45/lightdock_56.pdb,16.452774358963897,9.680863424450374,0.9575927658247584,incorrect
./swarm_47/lightdock_81.pdb,19.23343603269004,13.35300158962917,0.9563454942313688,incorrect
./swarm_55/lightdock_86.pdb,20.077280382135996,10.424788427789544,0.9563454942313688,incorrect
./swarm_9/lightdock_83.pdb,8.31264618896461,4.082024369253553,0.9563454942313688,acceptable
./swarm_34/lightdock_76.pdb,11.863405720987755,7.196066705816459,0.9681945743685687,incorrect
./swarm_59/lightdock_95.pdb,10.910267887665723,5.880597224693466,0.9563454942313688,incorrect
./swarm_24/lightdock_115.pdb,18.298649774809977,12.97218799519435,0.9563454942313688,incorrect
./swarm_20/lightdock_35.pdb,8.866453101775692,6.937213272172996,0.9569691300280636,acceptable
./swarm_55/lightdock_163.pdb,3.645084824906834,2.464610173176963,0.9625818521983162,acceptable
./swarm_36/lightdock_137.pdb,13.837154983502966,9.014452390569987,0.9563454942313688,incorrect
./swarm_31/lightdock_159.pdb,17.28448446248027,11.074995351009953,0.958216401621453,incorrect
./swarm_31/lightdock_55.pdb,14.824649224822139,7.443859929331363,0.9563454942313688,incorrect
./swarm_10/lightdock_109.pdb,21.54907691473676,14.33631607503719,0.9563454942313688,incorrect
./swarm_58/lightdock_73.pdb,7.437739578461563,5.555634046937915,0.9563454942313688,acceptable
./swarm_33/lightdock_6.pdb,14.91672540700148,8.977296310283656,0.9563454942313688,incorrect
./swarm_18/lightdock_50.pdb,8.374238167173063,4.73637042192045,0.9563454942313688,acceptable
./swarm_59/lightdock_36.pdb,15.017922361307594,9.102004775661365,0.9563454942313688,incorrect
./swarm_35/lightdock_126.pdb,23.70824007409195,16.76480892258581,0.9563454942313688,incorrect
./swarm_39/lightdock_71.pdb,12.725723130025619,6.764900417626253,0.9569691300280636,incorrect
./swarm_36/lightdock_78.pdb,17.69623779275159,10.156575286706033,0.9563454942313688,incorrect
./swarm_22/lightdock_112.pdb,16.517247279063582,11.694307984108729,0.9563454942313688,incorrect
./swarm_48/lightdock_185.pdb,7.014173721356421,3.510153405388749,0.9563454942313688,acceptable
./swarm_35/lightdock_143.pdb,11.895839043390767,6.2046507650846285,0.9588400374181478,incorrect
./swarm_49/lightdock_40.pdb,13.676983363937225,8.869840025244539,0.9563454942313688,incorrect
./swarm_46/lightdock_160.pdb,23.970140594011756,16.78505762688266,0.9563454942313688,incorrect
./swarm_59/lightdock_81.pdb,17.17744286032753,12.370714301399676,0.9563454942313688,incorrect
./swarm_53/lightdock_56.pdb,15.914535988151604,10.72199354848511,0.9563454942313688,incorrect
./swarm_59/lightdock_82.pdb,19.768754899914192,13.884827973014596,0.9563454942313688,incorrect
./swarm_3/lightdock_29.pdb,17.8751023517909,10.898930888263862,0.9563454942313688,incorrect
./swarm_15/lightdock_72.pdb,13.71869921288181,7.154091282052684,0.9563454942313688,incorrect
./swarm_29/lightdock_97.pdb,5.5867253828775185,2.3113452360911335,0.9594636732148425,acceptable
./swarm_34/lightdock_88.pdb,9.286516216829957,5.976007318663637,0.9563454942313688,acceptable
./swarm_1/lightdock_114.pdb,12.969015873871703,9.5071857783115,0.9563454942313688,incorrect
./swarm_11/lightdock_32.pdb,7.309086489019379,5.2307655918180584,0.9563454942313688,acceptable
./swarm_25/lightdock_57.pdb,16.61526663223549,8.663517291325036,0.9563454942313688,incorrect
./swarm_34/lightdock_83.pdb,21.03196790316868,12.82112536636301,0.9588400374181478,incorrect
./swarm_40/lightdock_85.pdb,11.898700507695734,5.525751932763769,0.9563454942313688,incorrect
./swarm_59/lightdock_60.pdb,19.845644421666595,14.410425235004814,0.9563454942313688,incorrect
./swarm_19/lightdock_156.pdb,18.642537028164277,13.748952319168732,0.9563454942313688,incorrect
./swarm_6/lightdock_91.pdb,21.936607172356233,14.596741700779484,0.9563454942313688,incorrect
./swarm_55/lightdock_4.pdb,19.53554815521465,12.944517119431865,0.9575927658247584,incorrect
./swarm_55/lightdock_142.pdb,19.45554543524215,13.362509837705167,0.9563454942313688,incorrect
./swarm_21/lightdock_117.pdb,15.46207669591225,7.27024284857951,0.9575927658247584,incorrect
./swarm_3/lightdock_121.pdb,16.451260233521026,10.025442173250003,0.9563454942313688,incorrect
./swarm_52/lightdock_15.pdb,10.461660020281725,5.6259764665958425,0.9563454942313688,incorrect
./swarm_0/lightdock_133.pdb,16.047168988414903,9.6436727066098,0.9563454942313688,incorrect
./swarm_35/lightdock_33.pdb,20.671266811447946,13.10928535708683,0.9563454942313688,incorrect
./swarm_23/lightdock_190.pdb,19.545888661225735,12.112456268458768,0.9563454942313688,incorrect
./swarm_22/lightdock_47.pdb,15.616066240028061,9.306933061477126,0.9563454942313688,incorrect
./swarm_18/lightdock_87.pdb,17.61059740652704,12.395850988786707,0.9563454942313688,incorrect
./swarm_52/lightdock_25.pdb,8.19240701211109,5.621353957780866,0.9563454942313688,acceptable
./swarm_32/lightdock_59.pdb,12.718069164595356,8.386365268226042,0.9563454942313688,incorrect
./swarm_14/lightdock_123.pdb,19.93830565948217,12.050875799507315,0.9563454942313688,incorrect
./swarm_52/lightdock_132.pdb,20.80346134456084,13.907717635179583,0.9563454942313688,incorrect
./swarm_39/lightdock_129.pdb,10.011926170379104,5.7598994679157505,0.9563454942313688,incorrect
./swarm_12/lightdock_82.pdb,20.0486339622618,13.153433030991666,0.9563454942313688,incorrect
./swarm_6/lightdock_121.pdb,10.799141927314384,6.8687502959023465,0.9563454942313688,incorrect
./swarm_54/lightdock_1.pdb,14.697170365202977,7.695044639127752,0.958216401621453,incorrect
./swarm_21/lightdock_127.pdb,12.671259893174705,5.839400545965565,0.9563454942313688,incorrect
./swarm_33/lightdock_101.pdb,15.777676491250796,8.767926411015054,0.9563454942313688,incorrect
./swarm_45/lightdock_80.pdb,17.539701300109588,10.374729371887742,0.9563454942313688,incorrect
./swarm_42/lightdock_174.pdb,9.272853338622001,3.9076001534981346,0.9563454942313688,acceptable
./swarm_1/lightdock_2.pdb,13.032877363555924,9.01441278215903,0.9563454942313688,incorrect
./swarm_54/lightdock_113.pdb,9.257639606674617,5.163264509379242,0.9569691300280636,acceptable
./swarm_34/lightdock_12.pdb,20.727018271869426,12.631792020062848,0.9569691300280636,incorrect
./swarm_35/lightdock_181.pdb,22.104470348531667,15.436377380405728,0.9563454942313688,incorrect
./swarm_26/lightdock_86.pdb,11.489127422886048,6.709759413553709,0.9563454942313688,incorrect
./swarm_6/lightdock_177.pdb,6.706414440042125,2.969536955896803,0.9563454942313688,acceptable
./swarm_21/lightdock_126.pdb,20.14912855549998,13.352345969221545,0.9563454942313688,incorrect
./swarm_4/lightdock_25.pdb,21.24415189927285,13.466607480536675,0.960710944808232,incorrect
./swarm_22/lightdock_151.pdb,7.2409488087289136,3.709036594705087,0.9563454942313688,acceptable
./swarm_24/lightdock_135.pdb,21.885625791140882,13.268974435435055,0.9563454942313688,incorrect
./swarm_36/lightdock_119.pdb,10.366211707099598,5.671166645849848,0.9625818521983162,incorrect
./swarm_22/lightdock_111.pdb,11.459189081076035,5.11818514176888,0.9563454942313688,incorrect
./swarm_13/lightdock_83.pdb,17.666150345645253,9.680324256050152,0.9563454942313688,incorrect
./swarm_57/lightdock_120.pdb,19.928298300885547,13.400318878609154,0.9563454942313688,incorrect
./swarm_31/lightdock_32.pdb,15.29708562416433,6.504735989311011,0.9569691300280636,incorrect
./swarm_13/lightdock_71.pdb,17.469147304880355,9.724717438608828,0.9563454942313688,incorrect
./swarm_49/lightdock_101.pdb,11.165838433673157,5.494067349865711,0.9563454942313688,incorrect
./swarm_15/lightdock_110.pdb,14.401225847997564,7.80087204972363,0.9563454942313688,incorrect
./swarm_11/lightdock_54.pdb,11.611643635689326,6.870794201208368,0.9569691300280636,incorrect
./swarm_57/lightdock_162.pdb,12.586799524632744,7.554921670373023,0.958216401621453,incorrect
./swarm_42/lightdock_172.pdb,9.17973136375337,4.729533710451944,0.9563454942313688,acceptable
./swarm_45/lightdock_165.pdb,21.6408328781465,14.9580817344952,0.9563454942313688,incorrect
./swarm_57/lightdock_19.pdb,7.706779721658041,4.751849433352477,0.9563454942313688,acceptable
./swarm_39/lightdock_18.pdb,15.46263927157383,8.380941006311948,0.9563454942313688,incorrect
./swarm_25/lightdock_192.pdb,8.59075794552415,6.457540464006086,0.9563454942313688,acceptable
./swarm_9/lightdock_37.pdb,11.898562766912212,8.715200005074678,0.9563454942313688,incorrect
./swarm_57/lightdock_106.pdb,12.341673440043547,7.776077426624216,0.9563454942313688,incorrect
./swarm_49/lightdock_72.pdb,14.451847674847812,6.63946544787759,0.9569691300280636,incorrect
./swarm_12/lightdock_75.pdb,13.53132329007691,5.713338948542957,0.9563454942313688,incorrect
./swarm_14/lightdock_39.pdb,6.30442711793075,3.6413286044629163,0.9569691300280636,acceptable
./swarm_14/lightdock_56.pdb,6.197445268224879,3.961149461937738,0.9625818521983162,acceptable
./swarm_21/lightdock_135.pdb,19.26758280507167,13.324721346265017,0.9563454942313688,incorrect
./swarm_18/lightdock_143.pdb,10.439906362074842,6.2150649633101,0.9563454942313688,incorrect
./swarm_11/lightdock_6.pdb,19.884901136614427,13.819777479610089,0.9563454942313688,incorrect
./swarm_35/lightdock_163.pdb,16.86489685686368,12.130335036151033,0.9563454942313688,incorrect
./swarm_23/lightdock_26.pdb,20.999307562359665,14.901926379269064,0.9563454942313688,incorrect
./swarm_21/lightdock_89.pdb,11.925956567163876,5.109499854812916,0.9563454942313688,incorrect
./swarm_48/lightdock_123.pdb,16.471842320422816,8.820295538139582,0.9563454942313688,incorrect
./swarm_11/lightdock_150.pdb,20.717532522213602,15.456066750152063,0.9563454942313688,incorrect
./swarm_35/lightdock_20.pdb,21.117138362892042,13.919664208149523,0.9563454942313688,incorrect
./swarm_31/lightdock_58.pdb,20.91341931144953,14.965025028736532,0.9563454942313688,incorrect
./swarm_12/lightdock_129.pdb,20.946445424358714,13.759608343790562,0.9563454942313688,incorrect
./swarm_32/lightdock_10.pdb,18.103281059727024,13.133000515975349,0.9563454942313688,incorrect
./swarm_6/lightdock_26.pdb,8.31949743723105,3.9252790025948574,0.9563454942313688,acceptable
./swarm_49/lightdock_54.pdb,23.385890687078977,15.098644508052109,0.9563454942313688,incorrect
./swarm_14/lightdock_26.pdb,15.635120906897813,9.68015988998026,0.9594636732148425,incorrect
./swarm_36/lightdock_175.pdb,18.656785293862512,12.943376925741365,0.9575927658247584,incorrect
./swarm_17/lightdock_152.pdb,8.819626132970162,6.850556535556306,0.9563454942313688,acceptable
./swarm_36/lightdock_100.pdb,17.5141241106042,13.038687127236644,0.9563454942313688,incorrect
./swarm_18/lightdock_110.pdb,22.98399040302615,13.968844594496158,0.9563454942313688,incorrect
./swarm_55/lightdock_127.pdb,14.05568684966255,10.354014252858894,0.9563454942313688,incorrect
./swarm_14/lightdock_34.pdb,23.426320394385346,13.880832940053415,0.9563454942313688,incorrect
./swarm_11/lightdock_49.pdb,21.67552249562832,15.909242353052603,0.9563454942313688,incorrect
./swarm_56/lightdock_134.pdb,21.13269771605139,14.0851574545264,0.9563454942313688,incorrect
./swarm_21/lightdock_182.pdb,20.39412073309812,12.979667918940516,0.9563454942313688,incorrect
./swarm_52/lightdock_193.pdb,10.14191015980501,4.123088279936891,0.9563454942313688,incorrect
./swarm_25/lightdock_81.pdb,11.136971197060157,6.542669041896405,0.9563454942313688,incorrect
./swarm_54/lightdock_183.pdb,15.81742011636042,6.982827306375413,0.9569691300280636,incorrect
./swarm_35/lightdock_145.pdb,22.75662176875979,15.786865864672702,0.9563454942313688,incorrect
./swarm_11/lightdock_117.pdb,7.626507581646741,5.523192062643967,0.9563454942313688,acceptable
./swarm_37/lightdock_49.pdb,20.06498536051556,13.401671347597622,0.9563454942313688,incorrect
./swarm_17/lightdock_49.pdb,13.047876305359935,7.763733376602881,0.9569691300280636,incorrect
./swarm_21/lightdock_122.pdb,20.145329141772336,13.183731705310109,0.9563454942313688,incorrect
./swarm_4/lightdock_77.pdb,21.832090743996538,13.8633638998889,0.9563454942313688,incorrect
./swarm_7/lightdock_69.pdb,9.471810124731897,3.759846948344078,0.9563454942313688,acceptable
./swarm_26/lightdock_151.pdb,12.821024938792341,9.321377338994496,0.9563454942313688,incorrect
./swarm_13/lightdock_123.pdb,22.458820536290865,12.018452332927453,0.9563454942313688,incorrect
./swarm_48/lightdock_102.pdb,22.057730606769166,14.183457952521728,0.9563454942313688,incorrect
./swarm_6/lightdock_138.pdb,9.574099844761061,5.032059059935855,0.9600873090115373,acceptable
./swarm_48/lightdock_133.pdb,19.938615698110834,11.889301617551155,0.9563454942313688,incorrect
./swarm_22/lightdock_123.pdb,16.053871317130067,9.68455993712278,0.9563454942313688,incorrect
./swarm_57/lightdock_58.pdb,10.798709123238437,6.492716370813729,0.9563454942313688,incorrect
./swarm_0/lightdock_135.pdb,22.244675468716864,15.435271742510643,0.9563454942313688,incorrect
./swarm_15/lightdock_99.pdb,13.942765782988324,9.281663868820809,0.9563454942313688,incorrect
./swarm_57/lightdock_35.pdb,13.10770619809138,9.496821586457532,0.9563454942313688,incorrect
./swarm_34/lightdock_150.pdb,8.025912867553762,6.198843092509364,0.9563454942313688,acceptable
./swarm_27/lightdock_134.pdb,15.768858732825182,10.32186762777243,0.9563454942313688,incorrect
./swarm_12/lightdock_127.pdb,13.540924858941468,10.375874309451897,0.9563454942313688,incorrect
./swarm_12/lightdock_156.pdb,14.258242104100844,7.548819930217924,0.9575927658247584,incorrect
./swarm_36/lightdock_67.pdb,13.47813520885477,9.446534680366799,0.9563454942313688,incorrect
./swarm_0/lightdock_13.pdb,9.671748423255709,6.428261732935799,0.9563454942313688,acceptable
./swarm_17/lightdock_11.pdb,21.261730548388556,13.564064784384664,0.9569691300280636,incorrect
./swarm_56/lightdock_104.pdb,9.438466747125226,6.454764543016478,0.9563454942313688,acceptable
./swarm_4/lightdock_61.pdb,21.790427484643885,15.498740165324488,0.9563454942313688,incorrect
./swarm_31/lightdock_198.pdb,8.844445653063048,5.559845794975939,0.9563454942313688,acceptable
./swarm_57/lightdock_185.pdb,9.792504177509638,7.0807837994101135,0.9563454942313688,acceptable
./swarm_19/lightdock_30.pdb,19.956008785402513,14.016634409596257,0.9563454942313688,incorrect
./swarm_35/lightdock_66.pdb,21.263474934338866,14.786576609763575,0.9563454942313688,incorrect
./swarm_41/lightdock_2.pdb,16.086164876827944,8.656933564365026,0.9563454942313688,incorrect
./swarm_57/lightdock_132.pdb,21.790468167766296,13.71674051367584,0.9563454942313688,incorrect
./swarm_14/lightdock_99.pdb,17.224105858627496,11.632973379705415,0.9563454942313688,incorrect
./swarm_19/lightdock_61.pdb,19.251287699769396,13.52582023406684,0.9563454942313688,incorrect
./swarm_22/lightdock_139.pdb,10.955329355074332,4.544184196705285,0.9563454942313688,incorrect
./swarm_26/lightdock_113.pdb,11.785103035888696,6.659770337533653,0.9569691300280636,incorrect
./swarm_38/lightdock_162.pdb,20.101189901298934,14.531910014911873,0.9563454942313688,incorrect
./swarm_49/lightdock_166.pdb,16.6700783987536,10.357310382162341,0.9563454942313688,incorrect
./swarm_6/lightdock_55.pdb,20.044627719086503,14.101468852136179,0.9563454942313688,incorrect
./swarm_42/lightdock_197.pdb,20.480238468378086,12.48990673698313,0.9563454942313688,incorrect
./swarm_21/lightdock_80.pdb,11.371393667442335,8.346366865244104,0.9563454942313688,incorrect
./swarm_35/lightdock_53.pdb,11.544036505255697,8.896248771978755,0.9563454942313688,incorrect
./swarm_49/lightdock_58.pdb,22.26974970458408,12.845041457383452,0.9563454942313688,incorrect
./swarm_38/lightdock_122.pdb,17.69148372620048,10.527473539406751,0.9563454942313688,incorrect
./swarm_19/lightdock_169.pdb,16.506182978240297,11.867698781566503,0.9638291237917056,incorrect
./swarm_22/lightdock_2.pdb,9.430589882744345,4.196157394709475,0.9563454942313688,acceptable
./swarm_41/lightdock_191.pdb,19.870072072042458,13.524086724338078,0.9563454942313688,incorrect
./swarm_49/lightdock_62.pdb,19.805238131281953,13.610369759898274,0.9563454942313688,incorrect
./swarm_47/lightdock_186.pdb,21.456746337491776,13.903604441706051,0.9563454942313688,incorrect
./swarm_42/lightdock_73.pdb,16.03577561625518,10.50860563474402,0.9563454942313688,incorrect
./swarm_53/lightdock_141.pdb,9.430046885377488,6.415768795329951,0.9563454942313688,acceptable
./swarm_28/lightdock_97.pdb,19.957350048396645,11.931671080302287,0.9563454942313688,incorrect
./swarm_26/lightdock_156.pdb,15.854368587878174,10.041444490709726,0.9569691300280636,incorrect
./swarm_23/lightdock_67.pdb,14.10479596050264,8.902708246147814,0.9563454942313688,incorrect
./swarm_57/lightdock_123.pdb,13.623674650486528,9.648913082441275,0.9563454942313688,incorrect
./swarm_48/lightdock_151.pdb,16.01987062207876,9.51763575654044,0.9563454942313688,incorrect
./swarm_19/lightdock_97.pdb,9.105193626096478,5.504211909696182,0.9563454942313688,acceptable
./swarm_30/lightdock_75.pdb,17.09327589965935,12.983991174091686,0.9563454942313688,incorrect
./swarm_37/lightdock_34.pdb,9.044938963107414,5.8586924126812105,0.9563454942313688,acceptable
./swarm_39/lightdock_196.pdb,23.512403859419468,15.802214731345513,0.9563454942313688,incorrect
./swarm_52/lightdock_122.pdb,13.262895218799283,8.989861774122945,0.9563454942313688,incorrect
./swarm_19/lightdock_109.pdb,7.037265395934287,5.2759489003561635,0.9569691300280636,acceptable
./swarm_13/lightdock_60.pdb,15.007090098355846,7.767001394186913,0.9563454942313688,incorrect
./swarm_39/lightdock_158.pdb,20.383816954166637,14.246081596837266,0.9563454942313688,incorrect
./swarm_4/lightdock_71.pdb,12.35103214938425,7.68065611242525,0.9563454942313688,incorrect
./swarm_35/lightdock_60.pdb,20.05384651254524,14.638443608720417,0.9563454942313688,incorrect
./swarm_40/lightdock_199.pdb,22.01088556957314,9.621732236453422,0.9563454942313688,incorrect
./swarm_42/lightdock_18.pdb,11.59450348775123,4.314281525817216,0.9575927658247584,incorrect
./swarm_14/lightdock_112.pdb,20.742137476508073,13.924727732787758,0.9563454942313688,incorrect
./swarm_6/lightdock_95.pdb,19.97983193237928,14.268691013465036,0.9563454942313688,incorrect
./swarm_6/lightdock_62.pdb,15.342308582556349,11.073853528902864,0.9563454942313688,incorrect
./swarm_22/lightdock_62.pdb,20.42327229719261,13.756381492175896,0.9563454942313688,incorrect
./swarm_39/lightdock_76.pdb,23.675091660752425,16.233883651523254,0.9563454942313688,incorrect
./swarm_15/lightdock_167.pdb,22.457159292408654,15.745820575194706,0.9563454942313688,incorrect
./swarm_39/lightdock_52.pdb,16.11437514153843,10.915712688159685,0.9563454942313688,incorrect
./swarm_27/lightdock_198.pdb,19.883470329222206,13.206694415337696,0.9563454942313688,incorrect
./swarm_15/lightdock_174.pdb,23.596331534034935,14.283386453484281,0.9563454942313688,incorrect
./swarm_54/lightdock_155.pdb,14.334045997393732,7.17686479369479,0.958216401621453,incorrect
./swarm_15/lightdock_65.pdb,22.784131472677544,15.871736909420644,0.9563454942313688,incorrect
./swarm_33/lightdock_78.pdb,14.693974028331425,8.334493447957263,0.9563454942313688,incorrect
./swarm_32/lightdock_141.pdb,14.837119684884378,5.846632357936358,0.9563454942313688,incorrect
./swarm_18/lightdock_75.pdb,22.018181401011226,15.506124606512147,0.9563454942313688,incorrect
./swarm_22/lightdock_138.pdb,20.092697639422063,14.502023906080492,0.9563454942313688,incorrect
./swarm_59/lightdock_148.pdb,11.760802388275902,8.617266372617452,0.9563454942313688,incorrect
./swarm_23/lightdock_152.pdb,15.560961028388112,10.457355519492012,0.9563454942313688,incorrect
./swarm_1/lightdock_105.pdb,19.843171591378827,14.51970544854094,0.9563454942313688,incorrect
./swarm_21/lightdock_165.pdb,16.563288799177723,10.828977348114368,0.9563454942313688,incorrect
./swarm_37/lightdock_137.pdb,13.716260914933518,8.5276869370469,0.9563454942313688,incorrect
./swarm_41/lightdock_29.pdb,19.979288627696683,14.795294707273563,0.9563454942313688,incorrect
./swarm_16/lightdock_169.pdb,18.363876206977768,9.83009711404842,0.9563454942313688,incorrect
./swarm_46/lightdock_157.pdb,9.990633845778397,7.041253812101396,0.9563454942313688,acceptable
./swarm_36/lightdock_41.pdb,17.631441494189993,10.555615488574423,0.9563454942313688,incorrect
./swarm_0/lightdock_53.pdb,22.517218612678334,16.17946583893529,0.9563454942313688,incorrect
./swarm_21/lightdock_142.pdb,13.201618087188272,6.3255298222400205,0.9563454942313688,incorrect
./swarm_41/lightdock_1.pdb,20.899927983578753,14.40220697708955,0.9575927658247584,incorrect
./swarm_12/lightdock_114.pdb,11.990330376780728,7.236811646809582,0.9563454942313688,incorrect
./swarm_34/lightdock_6.pdb,21.445001827751046,15.074349360431391,0.9563454942313688,incorrect
./swarm_41/lightdock_16.pdb,10.900940584226774,7.172434860640845,0.9563454942313688,incorrect
./swarm_25/lightdock_184.pdb,21.325348627640402,15.573379338441212,0.9563454942313688,incorrect
./swarm_15/lightdock_127.pdb,15.666559600184346,10.442327785571594,0.9563454942313688,incorrect
./swarm_42/lightdock_95.pdb,18.66745915562386,11.7501090582003,0.9563454942313688,incorrect
./swarm_36/lightdock_90.pdb,22.15626100585087,15.66441781197619,0.9563454942313688,incorrect
./swarm_12/lightdock_123.pdb,12.431979265201957,8.637282158083845,0.9563454942313688,incorrect
./swarm_18/lightdock_32.pdb,15.994676929618349,10.482083876377503,0.9563454942313688,incorrect
./swarm_11/lightdock_76.pdb,15.798728143962514,7.710692583825365,0.9563454942313688,incorrect
./swarm_40/lightdock_91.pdb,17.718926336351565,7.419305323146592,0.9563454942313688,incorrect
./swarm_38/lightdock_38.pdb,5.251652898709452,3.149557891612069,0.9563454942313688,acceptable
./swarm_25/lightdock_33.pdb,10.807892202943211,8.056576286773874,0.9563454942313688,incorrect
./swarm_35/lightdock_90.pdb,12.742463597025328,6.913617090675391,0.9569691300280636,incorrect
./swarm_57/lightdock_171.pdb,16.428936652134432,11.499993390956677,0.9563454942313688,incorrect
./swarm_39/lightdock_120.pdb,21.46820619371862,15.608055048857045,0.9563454942313688,incorrect
./swarm_41/lightdock_99.pdb,10.26398720538462,7.202820251674264,0.9575927658247584,incorrect
./swarm_6/lightdock_143.pdb,21.01536542119087,14.255834187795,0.9563454942313688,incorrect
./swarm_30/lightdock_35.pdb,17.47912647149711,11.040931710892552,0.9563454942313688,incorrect
./swarm_13/lightdock_118.pdb,21.573974367814312,15.389674401399729,0.9563454942313688,incorrect
./swarm_32/lightdock_58.pdb,18.838420387068197,14.112842138830587,0.9563454942313688,incorrect
./swarm_41/lightdock_94.pdb,13.30728819132237,8.841663802135605,0.9569691300280636,incorrect
./swarm_18/lightdock_100.pdb,19.66253563662258,13.231650628727094,0.9563454942313688,incorrect
./swarm_17/lightdock_92.pdb,22.024549727178133,16.446081796937293,0.9563454942313688,incorrect
./swarm_47/lightdock_100.pdb,10.218958524430407,6.107151638425376,0.9569691300280636,incorrect
./swarm_13/lightdock_129.pdb,16.175765963622407,10.107329847119884,0.9588400374181478,incorrect
./swarm_36/lightdock_172.pdb,18.73658676344734,13.86632718021793,0.9563454942313688,incorrect
./swarm_55/lightdock_63.pdb,11.682310877533064,6.991583213175735,0.9563454942313688,incorrect
./swarm_55/lightdock_78.pdb,15.600628667317118,10.570514894915625,0.9600873090115373,incorrect
./swarm_52/lightdock_139.pdb,13.776662540269166,10.442583399227637,0.9563454942313688,incorrect
./swarm_39/lightdock_193.pdb,23.653225448872245,17.5757418013538,0.9563454942313688,incorrect
./swarm_11/lightdock_38.pdb,17.599490194736816,12.99518682379471,0.9563454942313688,incorrect
./swarm_33/lightdock_168.pdb,15.141315778481998,8.187052813168707,0.9569691300280636,incorrect
./swarm_21/lightdock_183.pdb,16.572586184818356,9.914856396593859,0.9563454942313688,incorrect
./swarm_15/lightdock_170.pdb,11.105404280520546,8.768388244379228,0.9563454942313688,incorrect
./swarm_47/lightdock_122.pdb,19.230869787759463,13.30648634622877,0.9563454942313688,incorrect
./swarm_36/lightdock_3.pdb,18.864834633130926,11.562799126631962,0.9563454942313688,incorrect
./swarm_29/lightdock_90.pdb,11.161560199153236,8.805695483376525,0.9563454942313688,incorrect
./swarm_54/lightdock_166.pdb,20.496651731119233,15.505538115304171,0.9563454942313688,incorrect
./swarm_42/lightdock_41.pdb,9.625944855297451,4.087914950132774,0.9563454942313688,acceptable
./swarm_21/lightdock_157.pdb,13.132177246508897,8.172916168431415,0.9563454942313688,incorrect
./swarm_41/lightdock_36.pdb,17.79129516405312,11.935621196378522,0.9563454942313688,incorrect
./swarm_41/lightdock_166.pdb,21.776176898199306,15.259736124046883,0.9563454942313688,incorrect
./swarm_56/lightdock_117.pdb,8.325413954619364,3.6857557900344085,0.9563454942313688,acceptable
./swarm_17/lightdock_12.pdb,13.653576394044547,10.806821920274272,0.9563454942313688,incorrect
./swarm_26/lightdock_98.pdb,22.042656874851925,16.580149264118653,0.9563454942313688,incorrect
./swarm_26/lightdock_187.pdb,19.176392368709706,14.83524601954844,0.9563454942313688,incorrect
./swarm_18/lightdock_79.pdb,19.675790789992675,13.334690214858858,0.9563454942313688,incorrect
./swarm_35/lightdock_79.pdb,22.789864527910083,14.888512893755717,0.9563454942313688,incorrect
./swarm_34/lightdock_9.pdb,24.707365566130186,13.418857870088898,0.9563454942313688,incorrect
./swarm_16/lightdock_42.pdb,22.561673936346764,11.879093091420714,0.9575927658247584,incorrect
./swarm_19/lightdock_95.pdb,19.320281258681863,13.616172135252254,0.9619582164016215,incorrect
./swarm_14/lightdock_156.pdb,13.00152185711396,7.779581452483444,0.9563454942313688,incorrect
./swarm_26/lightdock_81.pdb,11.649705566172008,7.381292743680095,0.958216401621453,incorrect
./swarm_25/lightdock_23.pdb,25.088872619892975,17.43380178883809,0.9563454942313688,incorrect
./swarm_3/lightdock_125.pdb,18.84693080536953,12.999555014429257,0.9563454942313688,incorrect
./swarm_52/lightdock_163.pdb,17.106900992231903,10.909482267749816,0.9563454942313688,incorrect
./swarm_23/lightdock_8.pdb,17.985296647532888,11.860884006553873,0.9563454942313688,incorrect
./swarm_8/lightdock_99.pdb,10.491064846805179,6.071520295371218,0.9563454942313688,incorrect
./swarm_48/lightdock_82.pdb,12.929533166081354,8.604731587230761,0.9563454942313688,incorrect
./swarm_13/lightdock_65.pdb,19.948191656905852,13.7744235561707,0.9588400374181478,incorrect
./swarm_0/lightdock_185.pdb,18.768528595218456,9.991973733701608,0.9563454942313688,incorrect
./swarm_27/lightdock_46.pdb,20.190431830106558,11.343719247357063,0.9563454942313688,incorrect
./swarm_38/lightdock_63.pdb,20.324449637476643,10.609468127465806,0.9563454942313688,incorrect
./swarm_52/lightdock_138.pdb,14.040483980076957,8.625328444358702,0.9563454942313688,incorrect
./swarm_26/lightdock_28.pdb,14.72457081758475,9.508577983737132,0.9563454942313688,incorrect
./swarm_48/lightdock_78.pdb,19.156690877125946,11.63749917537811,0.9563454942313688,incorrect
./swarm_4/lightdock_54.pdb,18.332090655201412,11.717228082031644,0.9563454942313688,incorrect
./swarm_25/lightdock_128.pdb,15.337162000300363,6.6552657061846086,0.9619582164016215,incorrect
./swarm_9/lightdock_180.pdb,15.980971875520785,7.651980190201871,0.958216401621453,incorrect
./swarm_53/lightdock_100.pdb,15.287646866305867,8.94837794105925,0.9563454942313688,incorrect
./swarm_34/lightdock_132.pdb,22.599521563352972,14.21185758513264,0.9563454942313688,incorrect
./swarm_48/lightdock_97.pdb,14.722513552184513,6.323664589855814,0.9563454942313688,incorrect
./swarm_49/lightdock_81.pdb,21.143281608037533,14.89036179022881,0.9563454942313688,incorrect
./swarm_23/lightdock_114.pdb,15.337965935211304,10.08527323509432,0.9563454942313688,incorrect
./swarm_26/lightdock_194.pdb,20.035253678810758,13.701554406177918,0.9563454942313688,incorrect
./swarm_18/lightdock_150.pdb,13.883843634682023,6.890187093335856,0.9563454942313688,incorrect
./swarm_15/lightdock_35.pdb,11.244756633319783,6.449648353688378,0.9575927658247584,incorrect
./swarm_54/lightdock_70.pdb,19.37281498587241,10.251442195369533,0.9563454942313688,incorrect
./swarm_14/lightdock_199.pdb,6.92494994658916,4.5891751188255006,0.9563454942313688,acceptable
./swarm_31/lightdock_177.pdb,17.11405610488362,11.115156509642974,0.9563454942313688,incorrect
./swarm_18/lightdock_84.pdb,18.404257435539485,12.906686638848749,0.9563454942313688,incorrect
./swarm_0/lightdock_182.pdb,21.856873632774885,13.876071645715442,0.9563454942313688,incorrect
./swarm_27/lightdock_189.pdb,9.317182929162966,6.184630706933839,0.9563454942313688,acceptable
./swarm_22/lightdock_193.pdb,22.874625582319027,13.155979624247527,0.9563454942313688,incorrect
./swarm_4/lightdock_15.pdb,24.445055934765204,16.777368611585192,0.9563454942313688,incorrect
./swarm_24/lightdock_94.pdb,21.087022814111528,12.829504319317952,0.9563454942313688,incorrect
./swarm_25/lightdock_8.pdb,23.72938777407778,17.393264347934295,0.9563454942313688,incorrect
./swarm_58/lightdock_189.pdb,21.8566819051288,13.735997419038219,0.9563454942313688,incorrect
./swarm_23/lightdock_139.pdb,10.905827792218494,7.477966673925891,0.9563454942313688,incorrect
./swarm_31/lightdock_112.pdb,24.302609021949266,16.66337267515271,0.9563454942313688,incorrect
./swarm_38/lightdock_42.pdb,20.569941103035905,14.296134041603462,0.9563454942313688,incorrect
./swarm_34/lightdock_48.pdb,21.792793215787366,12.91356157997065,0.9563454942313688,incorrect
./swarm_33/lightdock_169.pdb,21.16551069196644,15.485049133908191,0.9563454942313688,incorrect
./swarm_20/lightdock_66.pdb,19.05446718932452,13.11934717247017,0.9563454942313688,incorrect
./swarm_31/lightdock_51.pdb,21.074934860042497,15.331167673320858,0.9563454942313688,incorrect
./swarm_56/lightdock_108.pdb,6.054209069514625,3.904756725038325,0.9563454942313688,acceptable
./swarm_28/lightdock_14.pdb,13.507644084174883,9.605128754728208,0.9563454942313688,incorrect
./swarm_33/lightdock_181.pdb,21.6779054648257,15.699145579253253,0.9563454942313688,incorrect
./swarm_57/lightdock_135.pdb,19.983803476950726,15.072142647969455,0.9563454942313688,incorrect
./swarm_47/lightdock_37.pdb,20.681026340327218,11.549877340851786,0.9563454942313688,incorrect
./swarm_26/lightdock_166.pdb,21.15760781160214,13.227496439730107,0.9563454942313688,incorrect
./swarm_0/lightdock_79.pdb,15.321364774922138,9.557316427837844,0.9563454942313688,incorrect
./swarm_13/lightdock_159.pdb,19.592293502198686,12.38653431623152,0.9563454942313688,incorrect
./swarm_18/lightdock_197.pdb,18.913464810260955,12.673738811133898,0.9563454942313688,incorrect
./swarm_28/lightdock_82.pdb,22.282794275370417,13.367265469336477,0.9563454942313688,incorrect
./swarm_53/lightdock_44.pdb,18.146616337247668,13.0033643909887,0.9563454942313688,incorrect
./swarm_48/lightdock_25.pdb,18.555471279605875,13.478877491473426,0.9563454942313688,incorrect
./swarm_17/lightdock_53.pdb,21.698725985111903,15.57583620265416,0.9563454942313688,incorrect
./swarm_15/lightdock_37.pdb,16.082102957717993,8.160376609424345,0.9563454942313688,incorrect
./swarm_0/lightdock_176.pdb,18.39188575447956,13.654284121181597,0.9563454942313688,incorrect
./swarm_9/lightdock_155.pdb,14.197668398956408,9.592425000672305,0.9563454942313688,incorrect
./swarm_47/lightdock_170.pdb,20.15168993807395,11.649280913378327,0.9563454942313688,incorrect
./swarm_33/lightdock_42.pdb,22.952821417142353,14.7286268445842,0.9563454942313688,incorrect
./swarm_15/lightdock_11.pdb,21.434987443243116,15.78512734469488,0.9563454942313688,incorrect
./swarm_4/lightdock_21.pdb,13.32459799901415,7.778866206387085,0.9563454942313688,incorrect
./swarm_0/lightdock_49.pdb,14.974345291155142,10.66478574484302,0.9563454942313688,incorrect
./swarm_22/lightdock_24.pdb,20.859221852323742,13.988224730484285,0.9569691300280636,incorrect
./swarm_1/lightdock_120.pdb,17.123974128505594,10.419185356988828,0.9563454942313688,incorrect
./swarm_21/lightdock_51.pdb,15.724493437779602,8.829598448458075,0.9563454942313688,incorrect
./swarm_54/lightdock_32.pdb,17.44940781228368,13.01858085616899,0.9563454942313688,incorrect
./swarm_14/lightdock_65.pdb,10.645046479871004,7.301774817657756,0.9563454942313688,incorrect
./swarm_26/lightdock_51.pdb,25.62524195010714,17.821045749997708,0.9563454942313688,incorrect
./swarm_11/lightdock_127.pdb,20.611238318512893,14.768750637979277,0.9563454942313688,incorrect
./swarm_54/lightdock_87.pdb,23.18080888707101,15.307274505724312,0.9563454942313688,incorrect
./swarm_24/lightdock_116.pdb,13.983085180809484,8.994304973830024,0.9563454942313688,incorrect
./swarm_54/lightdock_109.pdb,22.714663691552126,16.879866219616947,0.9563454942313688,incorrect
./swarm_0/lightdock_82.pdb,16.541584488792274,12.731337383265826,0.9563454942313688,incorrect
./swarm_24/lightdock_143.pdb,16.188047223830146,10.745065205117955,0.9563454942313688,incorrect
./swarm_46/lightdock_61.pdb,19.73464183886127,13.544819724526624,0.9563454942313688,incorrect
./swarm_37/lightdock_158.pdb,23.526234216214586,15.675662510535982,0.9563454942313688,incorrect
./swarm_35/lightdock_61.pdb,13.135784277724706,8.858016514341447,0.9563454942313688,incorrect
./swarm_5/lightdock_155.pdb,20.503150163472654,13.873961284135778,0.9563454942313688,incorrect
./swarm_33/lightdock_158.pdb,23.040770170476446,15.54105099943824,0.9563454942313688,incorrect
./swarm_29/lightdock_48.pdb,14.927847918756216,10.798925050545456,0.9563454942313688,incorrect
./swarm_57/lightdock_134.pdb,22.20858207854639,17.030189874380945,0.9563454942313688,incorrect
./swarm_37/lightdock_100.pdb,11.843098794793246,8.864862767746285,0.9563454942313688,incorrect
./swarm_37/lightdock_121.pdb,8.48778726979687,6.013585642865873,0.9563454942313688,acceptable
./swarm_55/lightdock_27.pdb,16.053159201167873,11.338856681026488,0.9563454942313688,incorrect
./swarm_33/lightdock_161.pdb,18.566622485937973,13.20330393535341,0.9563454942313688,incorrect
./swarm_51/lightdock_164.pdb,14.098239112487514,7.910814296005007,0.9575927658247584,incorrect
./swarm_0/lightdock_100.pdb,16.426006499061042,10.908654572840952,0.9563454942313688,incorrect
./swarm_58/lightdock_86.pdb,20.09099656036128,13.217868498974607,0.9563454942313688,incorrect
./swarm_6/lightdock_0.pdb,22.622412094908807,13.762787865519487,0.9563454942313688,incorrect
./swarm_51/lightdock_93.pdb,16.318131125847103,12.081642062571671,0.9563454942313688,incorrect
./swarm_0/lightdock_17.pdb,21.478296367508126,15.789332487081612,0.9563454942313688,incorrect
./swarm_13/lightdock_143.pdb,16.020406128761117,10.180691362023238,0.960710944808232,incorrect
./swarm_33/lightdock_18.pdb,21.27027113070032,14.296327206028705,0.9563454942313688,incorrect
./swarm_39/lightdock_157.pdb,24.75099519688141,17.751486812575855,0.9563454942313688,incorrect
./swarm_39/lightdock_60.pdb,20.798656778543762,14.963313710079301,0.9563454942313688,incorrect
./swarm_43/lightdock_135.pdb,16.131218427998505,9.087116153236666,0.9563454942313688,incorrect
./swarm_13/lightdock_195.pdb,9.583469284653127,7.161314951874219,0.9563454942313688,acceptable
./swarm_16/lightdock_156.pdb,22.843658844992472,14.00194851037075,0.9563454942313688,incorrect
./swarm_38/lightdock_127.pdb,22.052224155427513,12.680477353197896,0.9563454942313688,incorrect
./swarm_6/lightdock_173.pdb,12.845621632078316,8.110270896647501,0.9563454942313688,incorrect
./swarm_38/lightdock_56.pdb,22.28737842196177,15.049380903155566,0.9563454942313688,incorrect
./swarm_22/lightdock_80.pdb,20.031637309637365,13.70244604194992,0.9563454942313688,incorrect
./swarm_5/lightdock_188.pdb,18.2214590826477,12.966040493029874,0.9563454942313688,incorrect
./swarm_59/lightdock_175.pdb,18.000579264443225,12.918077733759278,0.9563454942313688,incorrect
./swarm_16/lightdock_91.pdb,17.409173072945354,10.67138129682128,0.9563454942313688,incorrect
./swarm_5/lightdock_121.pdb,24.23734752866997,16.51280347712192,0.9563454942313688,incorrect
./swarm_6/lightdock_136.pdb,14.93496376638206,9.678831832068727,0.9563454942313688,incorrect
./swarm_38/lightdock_71.pdb,24.58648835919379,16.99514451263464,0.9563454942313688,incorrect
./swarm_21/lightdock_100.pdb,20.64559025287943,14.163231811035756,0.9563454942313688,incorrect
./swarm_47/lightdock_160.pdb,10.913405633980716,6.185932532255386,0.9575927658247584,incorrect
./swarm_47/lightdock_197.pdb,10.428736516914821,7.069756264812112,0.9563454942313688,incorrect
./swarm_41/lightdock_41.pdb,19.007434057222838,14.957929490634996,0.9563454942313688,incorrect
./swarm_46/lightdock_81.pdb,12.455068196873682,6.753136164289447,0.9575927658247584,incorrect
./swarm_15/lightdock_50.pdb,24.239233339868658,17.95968630338187,0.9563454942313688,incorrect
./swarm_51/lightdock_136.pdb,11.62830789988741,6.439547307052096,0.9563454942313688,incorrect
./swarm_10/lightdock_173.pdb,16.427213920179074,9.30521981774832,0.9563454942313688,incorrect
./swarm_19/lightdock_67.pdb,8.709948144447326,6.110460409915791,0.967570938571874,acceptable
./swarm_48/lightdock_148.pdb,13.684341084265125,6.829071020051036,0.9563454942313688,incorrect
./swarm_30/lightdock_99.pdb,10.379287336184541,8.074711940169625,0.9563454942313688,incorrect
./swarm_10/lightdock_120.pdb,17.93367959743543,11.813374765973233,0.9563454942313688,incorrect
./swarm_46/lightdock_149.pdb,10.149012751664491,6.762072787440703,0.9563454942313688,incorrect
./swarm_32/lightdock_123.pdb,23.403328076990444,15.641662303906154,0.9563454942313688,incorrect
./swarm_23/lightdock_107.pdb,13.027221851664374,8.350142823221455,0.9563454942313688,incorrect
./swarm_12/lightdock_149.pdb,11.469048002173954,7.266072412507117,0.9563454942313688,incorrect
./swarm_15/lightdock_117.pdb,23.047538950520195,16.031719458663957,0.9563454942313688,incorrect
./swarm_21/lightdock_47.pdb,21.544834199917286,14.828621419705474,0.9563454942313688,incorrect
./swarm_55/lightdock_66.pdb,19.14983120835423,13.517471588567998,0.9563454942313688,incorrect
./swarm_43/lightdock_171.pdb,13.416398429439269,8.983356125682223,0.9563454942313688,incorrect
./swarm_32/lightdock_168.pdb,22.787927501959196,13.7837303053676,0.9575927658247584,incorrect
./swarm_4/lightdock_132.pdb,11.165547124833576,8.290812265449768,0.9563454942313688,incorrect
./swarm_10/lightdock_69.pdb,16.20343128790165,9.115249864021786,0.9569691300280636,incorrect
./swarm_49/lightdock_79.pdb,19.581000977176142,13.347665164941853,0.9563454942313688,incorrect
./swarm_51/lightdock_70.pdb,13.669734104607752,7.276695261691749,0.9563454942313688,incorrect
./swarm_51/lightdock_172.pdb,22.438451639210694,14.476723998522795,0.9563454942313688,incorrect
./swarm_2/lightdock_104.pdb,19.00570818719478,11.215826396098674,0.9563454942313688,incorrect
./swarm_56/lightdock_160.pdb,16.313940060605052,9.241382215704176,0.9563454942313688,incorrect
./swarm_14/lightdock_169.pdb,15.00847536943099,12.133046991294943,0.9563454942313688,incorrect
./swarm_13/lightdock_16.pdb,18.63007035734936,11.351099256373532,0.9588400374181478,incorrect
./swarm_4/lightdock_95.pdb,15.600935695734643,11.771614196258364,0.9563454942313688,incorrect
./swarm_9/lightdock_178.pdb,19.939199155356874,11.594901520127262,0.9563454942313688,incorrect
./swarm_24/lightdock_74.pdb,12.09384267520561,8.703407476258047,0.9569691300280636,incorrect
./swarm_55/lightdock_97.pdb,19.367784635791253,14.098549725459993,0.9563454942313688,incorrect
./swarm_44/lightdock_101.pdb,17.184595643306263,10.279502760435276,0.9588400374181478,incorrect
./swarm_46/lightdock_135.pdb,22.394265966360585,12.99679073404238,0.9563454942313688,incorrect
./swarm_2/lightdock_159.pdb,13.428041472044447,9.01149697704991,0.9563454942313688,incorrect
./swarm_7/lightdock_73.pdb,19.138674269399147,12.54016048131512,0.9563454942313688,incorrect
./swarm_38/lightdock_17.pdb,14.581249688347919,11.233997551825116,0.9563454942313688,incorrect
./swarm_8/lightdock_95.pdb,18.92332486578417,10.785995503596945,0.9563454942313688,incorrect
./swarm_30/lightdock_98.pdb,18.978248327719125,11.420515745262342,0.9563454942313688,incorrect
./swarm_40/lightdock_2.pdb,18.288183884729946,10.944443813872356,0.958216401621453,incorrect
./swarm_57/lightdock_77.pdb,10.31629962511381,7.00969924511213,0.9563454942313688,incorrect
./swarm_51/lightdock_19.pdb,12.214654074368816,5.55472824401983,0.9563454942313688,incorrect
./swarm_3/lightdock_111.pdb,23.806938643628133,13.647018014077407,0.9563454942313688,incorrect
./swarm_55/lightdock_123.pdb,19.8235735972827,12.279139426740997,0.9594636732148425,incorrect
./swarm_46/lightdock_180.pdb,13.4405728493518,7.576007902051247,0.9575927658247584,incorrect
./swarm_44/lightdock_14.pdb,18.205166763272175,10.137004402012096,0.9563454942313688,incorrect
./swarm_26/lightdock_43.pdb,20.323340415119862,14.407725219779378,0.9563454942313688,incorrect
./swarm_2/lightdock_71.pdb,15.981021960553909,9.880488056279644,0.9563454942313688,incorrect
./swarm_48/lightdock_122.pdb,11.53538799351626,7.4184205543767385,0.9563454942313688,incorrect
./swarm_51/lightdock_167.pdb,13.907384639969155,9.382657926783624,0.9563454942313688,incorrect
./swarm_48/lightdock_191.pdb,16.097501808746255,7.972852508183133,0.9563454942313688,incorrect
./swarm_3/lightdock_162.pdb,20.47265328876724,12.100523996532084,0.9569691300280636,incorrect
./swarm_44/lightdock_4.pdb,21.336290268784968,14.93089549314656,0.9563454942313688,incorrect
./swarm_52/lightdock_184.pdb,12.819958755846747,5.7227335347385395,0.9563454942313688,incorrect
./swarm_8/lightdock_127.pdb,7.417215668772491,4.258644489717315,0.9563454942313688,acceptable
./swarm_24/lightdock_36.pdb,17.730285232405766,10.193932863837759,0.9563454942313688,incorrect
./swarm_56/lightdock_75.pdb,6.150422248311267,3.7367181203053006,0.9563454942313688,acceptable
./swarm_47/lightdock_159.pdb,19.349688338431715,13.812069308155415,0.9563454942313688,incorrect
./swarm_47/lightdock_77.pdb,12.541162744162607,6.970877264481836,0.9563454942313688,incorrect
./swarm_44/lightdock_73.pdb,7.092361009585128,3.6581557649948815,0.9563454942313688,acceptable
./swarm_13/lightdock_20.pdb,18.02141019966578,12.809863292440609,0.9563454942313688,incorrect
./swarm_49/lightdock_118.pdb,22.40538814650656,14.580362474384858,0.9563454942313688,incorrect
./swarm_52/lightdock_146.pdb,20.14554464378803,12.882283476854589,0.9563454942313688,incorrect
./swarm_23/lightdock_96.pdb,12.512273642802324,7.539472705075409,0.9563454942313688,incorrect
./swarm_27/lightdock_105.pdb,11.227515358462046,6.5419448231681905,0.9563454942313688,incorrect
./swarm_43/lightdock_129.pdb,19.178417781498723,12.599482296409498,0.9575927658247584,incorrect
./swarm_5/lightdock_35.pdb,18.508542985921444,10.575878392845517,0.9563454942313688,incorrect
./swarm_51/lightdock_97.pdb,11.658641652066736,6.7592940689958345,0.9563454942313688,incorrect
./swarm_29/lightdock_64.pdb,10.608734885756236,6.421413450027639,0.9563454942313688,incorrect
./swarm_44/lightdock_176.pdb,20.915099066727834,15.272454690402501,0.9563454942313688,incorrect
./swarm_5/lightdock_20.pdb,12.806512509862424,7.874250795171736,0.9575927658247584,incorrect
./swarm_43/lightdock_58.pdb,9.422659004253239,5.96886107338077,0.9563454942313688,acceptable
./swarm_10/lightdock_86.pdb,19.646608015130262,10.853242570106051,0.9563454942313688,incorrect
./swarm_24/lightdock_180.pdb,22.120883634475405,13.762597294954045,0.9563454942313688,incorrect
./swarm_35/lightdock_194.pdb,21.944469060690405,15.206557340076525,0.9575927658247584,incorrect
./swarm_1/lightdock_146.pdb,13.408553020852697,8.606426491194213,0.9563454942313688,incorrect
./swarm_38/lightdock_59.pdb,17.76946830751025,12.167148915177892,0.9563454942313688,incorrect
./swarm_22/lightdock_104.pdb,11.712013502323616,7.02372168450966,0.9563454942313688,incorrect
./swarm_13/lightdock_172.pdb,19.486898055795386,15.103263337304483,0.9563454942313688,incorrect
./swarm_40/lightdock_198.pdb,23.206084981174357,10.155956289234394,0.9563454942313688,incorrect
./swarm_58/lightdock_143.pdb,20.158913588101623,13.807335264937871,0.9563454942313688,incorrect
./swarm_9/lightdock_140.pdb,17.764801880094115,8.45149901028242,0.9575927658247584,incorrect
./swarm_2/lightdock_58.pdb,20.051196175752455,11.700794263129296,0.9563454942313688,incorrect
./swarm_38/lightdock_89.pdb,19.827501945246368,10.819016670022584,0.9563454942313688,incorrect
./swarm_56/lightdock_37.pdb,10.515127101592475,6.203917836588991,0.9563454942313688,incorrect
./swarm_8/lightdock_117.pdb,14.771803011927592,10.441936941637822,0.9563454942313688,incorrect
./swarm_11/lightdock_57.pdb,11.723595363076546,7.041081416500008,0.9563454942313688,incorrect
./swarm_23/lightdock_150.pdb,18.30590148528763,10.097621216442874,0.9563454942313688,incorrect
./swarm_40/lightdock_44.pdb,14.8486686325876,10.219527723469193,0.9563454942313688,incorrect
./swarm_13/lightdock_176.pdb,21.404175249717053,13.289626490943155,0.9594636732148425,incorrect
./swarm_24/lightdock_24.pdb,12.224002570320406,7.967225608366011,0.9563454942313688,incorrect
./swarm_2/lightdock_46.pdb,20.760844047644635,12.907327967618555,0.9563454942313688,incorrect
./swarm_58/lightdock_46.pdb,20.39671913263264,12.445616517986343,0.958216401621453,incorrect
./swarm_16/lightdock_171.pdb,14.025235433128772,8.434066980996526,0.9563454942313688,incorrect
./swarm_7/lightdock_117.pdb,17.389551641127383,9.05161162283731,0.9563454942313688,incorrect
./swarm_11/lightdock_151.pdb,12.658199610063765,8.351382689759387,0.9563454942313688,incorrect
./swarm_24/lightdock_133.pdb,12.881923764333761,8.382397255744607,0.9569691300280636,incorrect
./swarm_30/lightdock_40.pdb,24.55841337165081,16.166953970065332,0.9569691300280636,incorrect
./swarm_47/lightdock_133.pdb,19.403490365083076,13.556225072015543,0.9563454942313688,incorrect
./swarm_58/lightdock_133.pdb,23.55406283178096,13.954109167142978,0.9563454942313688,incorrect
./swarm_16/lightdock_198.pdb,11.776367513071134,6.686236472533205,0.9563454942313688,incorrect
./swarm_9/lightdock_27.pdb,17.14164994565873,11.951120262457655,0.9563454942313688,incorrect
./swarm_5/lightdock_92.pdb,24.820865961337898,17.266610246898537,0.9563454942313688,incorrect
./swarm_8/lightdock_11.pdb,17.375348164610124,12.894069559009862,0.9563454942313688,incorrect
./swarm_44/lightdock_185.pdb,19.97994544323502,13.792285376625845,0.9563454942313688,incorrect
./swarm_29/lightdock_135.pdb,20.70062439450915,14.734138809874416,0.9563454942313688,incorrect
./swarm_44/lightdock_31.pdb,9.800576264590545,5.395788017079,0.9563454942313688,acceptable
./swarm_2/lightdock_121.pdb,21.39166601404687,12.420190680800971,0.9563454942313688,incorrect
./swarm_51/lightdock_107.pdb,16.999657657193076,8.744416767343942,0.9563454942313688,incorrect
./swarm_17/lightdock_34.pdb,21.608271845616784,15.537107572442318,0.9563454942313688,incorrect
./swarm_44/lightdock_97.pdb,8.991715294942034,5.636809681015066,0.9563454942313688,acceptable
./swarm_7/lightdock_23.pdb,11.71460895143199,8.430541289030469,0.9563454942313688,incorrect
./swarm_8/lightdock_46.pdb,19.611915599012484,11.72452882425141,0.9563454942313688,incorrect
./swarm_11/lightdock_9.pdb,18.605838361140933,14.150318599119673,0.9563454942313688,incorrect
./swarm_16/lightdock_102.pdb,9.850598288735283,6.276708585757757,0.9563454942313688,acceptable
./swarm_48/lightdock_127.pdb,15.009184165003154,9.651363242525697,0.9563454942313688,incorrect
./swarm_9/lightdock_131.pdb,15.72575304422466,11.057699800811994,0.9563454942313688,incorrect
./swarm_51/lightdock_80.pdb,17.74881799501734,12.490784388919469,0.9563454942313688,incorrect
./swarm_53/lightdock_111.pdb,11.115932210022114,8.157536409199027,0.9563454942313688,incorrect
./swarm_34/lightdock_86.pdb,18.808893016665625,10.656536069055935,0.9563454942313688,incorrect
./swarm_40/lightdock_102.pdb,23.453001168760597,11.435119868713125,0.9563454942313688,incorrect
./swarm_10/lightdock_198.pdb,19.866071609389902,13.899552907300654,0.9563454942313688,incorrect
./swarm_16/lightdock_165.pdb,20.83527957366181,15.467181889157972,0.9563454942313688,incorrect
./swarm_40/lightdock_42.pdb,20.64775220070881,12.268785555005987,0.9563454942313688,incorrect
./swarm_7/lightdock_36.pdb,13.8367902637776,6.728120625271278,0.9563454942313688,incorrect
./swarm_38/lightdock_174.pdb,13.792241006403245,8.726301499709198,0.9563454942313688,incorrect
./swarm_44/lightdock_177.pdb,13.812197009686212,9.528479798563904,0.9563454942313688,incorrect
./swarm_5/lightdock_88.pdb,12.096664574276652,7.591500446023874,0.9563454942313688,incorrect
./swarm_29/lightdock_151.pdb,18.111933872713546,10.763129251818192,0.9563454942313688,incorrect
./swarm_9/lightdock_80.pdb,17.06057243522494,8.347997128090972,0.9563454942313688,incorrect
./swarm_51/lightdock_143.pdb,10.530187845350357,5.684628887225419,0.9563454942313688,incorrect
./swarm_27/lightdock_9.pdb,20.36881304574967,12.458149712118296,0.958216401621453,incorrect
./swarm_2/lightdock_128.pdb,19.395419117708226,11.27748318754912,0.9563454942313688,incorrect
./swarm_52/lightdock_136.pdb,16.12049859188788,11.301111978589313,0.9563454942313688,incorrect
./swarm_51/lightdock_130.pdb,18.51220238658301,11.1229176604101,0.9563454942313688,incorrect
./swarm_8/lightdock_133.pdb,18.53967182125059,11.75984169150106,0.9563454942313688,incorrect
./swarm_37/lightdock_180.pdb,20.114419887112756,11.817387632159635,0.9563454942313688,incorrect
./swarm_8/lightdock_50.pdb,18.867375769843783,11.413544415219118,0.9563454942313688,incorrect
./swarm_25/lightdock_120.pdb,20.715875743811143,14.609584963332184,0.9563454942313688,incorrect
./swarm_29/lightdock_112.pdb,18.027023244105756,11.307830118475852,0.9563454942313688,incorrect
./swarm_30/lightdock_105.pdb,20.234643638515088,14.12902527158533,0.9569691300280636,incorrect
./swarm_23/lightdock_197.pdb,14.708218363812255,10.303932856962678,0.9563454942313688,incorrect
./swarm_7/lightdock_198.pdb,17.031885391819813,10.55672794261266,0.9563454942313688,incorrect
./swarm_56/lightdock_120.pdb,16.84645369958155,11.075139225301601,0.9563454942313688,incorrect
./swarm_7/lightdock_113.pdb,19.119455808596058,13.517415676827762,0.9563454942313688,incorrect
./swarm_29/lightdock_53.pdb,19.3897229568525,11.90938139162105,0.9563454942313688,incorrect
./swarm_40/lightdock_22.pdb,20.47733875896701,13.826181861798172,0.9563454942313688,incorrect
./swarm_2/lightdock_83.pdb,23.420349888846815,15.944990787141379,0.9563454942313688,incorrect
./swarm_5/lightdock_19.pdb,22.72353530869146,16.11460885473747,0.9563454942313688,incorrect
./swarm_5/lightdock_53.pdb,19.195221549175137,10.870945591508029,0.9563454942313688,incorrect
./swarm_4/lightdock_39.pdb,19.518962302968873,11.21748597838904,0.9613345806049267,incorrect
./swarm_29/lightdock_190.pdb,23.981806567002103,15.202178650856048,0.9563454942313688,incorrect
./swarm_9/lightdock_74.pdb,21.32978643288704,14.903546293968716,0.9563454942313688,incorrect
./swarm_1/lightdock_174.pdb,13.465496021573538,8.702332918796019,0.9563454942313688,incorrect
./swarm_5/lightdock_187.pdb,19.91031471398062,12.946527393081563,0.9563454942313688,incorrect
./swarm_44/lightdock_75.pdb,22.913924845400214,15.973221418331722,0.9563454942313688,incorrect
./swarm_23/lightdock_27.pdb,17.900650022583537,10.776615280709217,0.9563454942313688,incorrect
./swarm_16/lightdock_26.pdb,19.257690241692398,11.307731437546769,0.9613345806049267,incorrect
./swarm_44/lightdock_190.pdb,22.11575162784661,12.908664921936,0.9563454942313688,incorrect
./swarm_0/lightdock_102.pdb,19.82019335623682,14.411186079688036,0.9563454942313688,incorrect
./swarm_1/lightdock_68.pdb,16.53536115501855,10.904079587346914,0.9563454942313688,incorrect
./swarm_46/lightdock_94.pdb,6.41448105305353,3.108039937740739,0.9563454942313688,acceptable
./swarm_24/lightdock_93.pdb,22.210346850139114,15.771965303324224,0.9563454942313688,incorrect
./swarm_18/lightdock_140.pdb,5.868843995459813,3.29934853214963,0.9563454942313688,acceptable
./swarm_5/lightdock_175.pdb,18.506641834629985,10.90550081011833,0.9563454942313688,incorrect
./swarm_34/lightdock_160.pdb,13.408350022034858,9.937501880263374,0.9563454942313688,incorrect
./swarm_5/lightdock_4.pdb,21.989625349950135,13.93859019304264,0.9563454942313688,incorrect
./swarm_40/lightdock_25.pdb,20.139377587168845,14.88213609240877,0.9563454942313688,incorrect
./swarm_32/lightdock_56.pdb,11.57673761040727,5.62698930076126,0.9563454942313688,incorrect
./swarm_7/lightdock_140.pdb,20.633439321042758,12.674400710276304,0.9563454942313688,incorrect
./swarm_7/lightdock_184.pdb,12.209332083291605,8.022400068379984,0.9563454942313688,incorrect
./swarm_7/lightdock_149.pdb,13.25748615448001,6.188302378819407,0.9575927658247584,incorrect
./swarm_15/lightdock_162.pdb,21.662947625041163,15.74235296674878,0.9563454942313688,incorrect
./swarm_8/lightdock_132.pdb,15.29180061971659,8.9568395747573,0.9563454942313688,incorrect
./swarm_40/lightdock_67.pdb,17.356484900426306,13.243544036427286,0.9563454942313688,incorrect
./swarm_34/lightdock_11.pdb,15.451510224630177,11.41565181738307,0.9563454942313688,incorrect
./swarm_46/lightdock_104.pdb,22.999552232823287,14.68613118089042,0.9563454942313688,incorrect
./swarm_7/lightdock_182.pdb,12.109687516306101,6.977140384035864,0.9563454942313688,incorrect
./swarm_47/lightdock_169.pdb,21.122312571963587,13.060185392066675,0.9569691300280636,incorrect
./swarm_2/lightdock_185.pdb,14.612439595348164,8.315806736884966,0.9563454942313688,incorrect
./swarm_8/lightdock_147.pdb,16.989090927269658,10.782115139863325,0.9563454942313688,incorrect
./swarm_2/lightdock_38.pdb,20.157114226966453,11.730197480223314,0.9563454942313688,incorrect
./swarm_48/lightdock_57.pdb,20.718323609479672,13.891102292305966,0.9563454942313688,incorrect
./swarm_43/lightdock_128.pdb,15.112639627886981,10.326795781005055,0.9563454942313688,incorrect
./swarm_24/lightdock_160.pdb,23.15385121728107,16.112480880233182,0.9563454942313688,incorrect
./swarm_24/lightdock_55.pdb,23.82220044238218,15.514948648347977,0.9563454942313688,incorrect
./swarm_44/lightdock_89.pdb,19.57532435506296,11.939121075731919,0.9563454942313688,incorrect
./swarm_7/lightdock_55.pdb,11.054259510031637,6.9906141165200415,0.9563454942313688,incorrect
./swarm_40/lightdock_5.pdb,24.495600976929918,14.9193637853198,0.9563454942313688,incorrect
./swarm_48/lightdock_12.pdb,14.117623782140116,7.994971616496012,0.9563454942313688,incorrect
./swarm_46/lightdock_171.pdb,10.543317865101825,5.9551234442044745,0.9563454942313688,incorrect
./swarm_24/lightdock_166.pdb,7.80836716257214,5.283185398769162,0.9563454942313688,acceptable
./swarm_40/lightdock_31.pdb,19.30845796743262,12.456990294497198,0.9563454942313688,incorrect
./swarm_34/lightdock_178.pdb,22.056118201960462,12.804713459786871,0.9563454942313688,incorrect
./swarm_5/lightdock_9.pdb,21.63650383684627,14.49835022333683,0.9563454942313688,incorrect
./swarm_30/lightdock_30.pdb,17.326130908940137,11.048647720522624,0.9563454942313688,incorrect
./swarm_13/lightdock_1.pdb,19.938045528491106,11.127195603527927,0.9569691300280636,incorrect
./swarm_23/lightdock_5.pdb,18.85847245709059,10.9734703442578,0.9563454942313688,incorrect
./swarm_40/lightdock_144.pdb,19.293445175291925,13.871381537162856,0.9563454942313688,incorrect
./swarm_2/lightdock_87.pdb,14.0749074678632,9.409222990221176,0.9563454942313688,incorrect
./swarm_30/lightdock_58.pdb,9.774827391113199,6.191495335115433,0.958216401621453,acceptable
./swarm_44/lightdock_87.pdb,22.69987669688295,13.677176987541968,0.9594636732148425,incorrect
./swarm_2/lightdock_69.pdb,20.826552465484642,12.210140941281376,0.9563454942313688,incorrect
./swarm_27/lightdock_197.pdb,20.80301080581371,11.688507627101147,0.9569691300280636,incorrect
./swarm_37/lightdock_193.pdb,23.512850952398296,14.135039926855907,0.9563454942313688,incorrect
./swarm_46/lightdock_176.pdb,22.170930327625104,14.690981083624875,0.9563454942313688,incorrect
./swarm_55/lightdock_182.pdb,8.981325058411773,6.245416675623868,0.9663236669784846,acceptable
./swarm_17/lightdock_198.pdb,21.852358221326647,15.046657225907753,0.9563454942313688,incorrect
./swarm_46/lightdock_19.pdb,15.98366341981998,9.829976257658506,0.9563454942313688,incorrect
./swarm_44/lightdock_165.pdb,20.448666654777536,14.66678264596901,0.9563454942313688,incorrect
./swarm_1/lightdock_165.pdb,18.194718455963546,12.191581511297644,0.9563454942313688,incorrect
./swarm_26/lightdock_76.pdb,20.238425432646025,11.033917188723395,0.9563454942313688,incorrect
./swarm_23/lightdock_42.pdb,16.20156558818367,11.282690806905013,0.9563454942313688,incorrect
./swarm_9/lightdock_156.pdb,8.20005886628145,4.715748204531335,0.9563454942313688,acceptable
./swarm_46/lightdock_85.pdb,9.412380214580617,6.202123199312919,0.9563454942313688,acceptable
./swarm_23/lightdock_72.pdb,7.099952145832174,4.3078575407470945,0.9563454942313688,acceptable
./swarm_44/lightdock_27.pdb,20.542671410243017,13.883456515707238,0.9563454942313688,incorrect
./swarm_4/lightdock_113.pdb,12.38627108381489,7.890478044055853,0.9563454942313688,incorrect
./swarm_40/lightdock_13.pdb,19.687331947208275,12.510780336571111,0.9563454942313688,incorrect
./swarm_2/lightdock_94.pdb,25.273612212057525,16.66940778485689,0.9563454942313688,incorrect
./swarm_51/lightdock_192.pdb,9.06848797675283,3.5673140707039788,0.9563454942313688,acceptable
./swarm_55/lightdock_57.pdb,13.50427908746134,8.740671879224358,0.958216401621453,incorrect
./swarm_40/lightdock_71.pdb,18.586481586445686,8.722597469791054,0.9563454942313688,incorrect
./swarm_27/lightdock_150.pdb,17.589977474872814,10.417793713212083,0.9594636732148425,incorrect
./swarm_32/lightdock_157.pdb,12.78209083238026,7.910400759678503,0.958216401621453,incorrect
./swarm_44/lightdock_50.pdb,23.25969124312539,16.14332761435481,0.9563454942313688,incorrect
./swarm_28/lightdock_143.pdb,15.93189358422204,10.40192770209712,0.9650763953850952,incorrect
./swarm_20/lightdock_156.pdb,9.460884141107645,6.236177701344862,0.9713127533520424,acceptable
